{
	"format_version": "1.8.0",
	"animations": {
		"animation.raccoon.idle": {
			"loop": true,
			"animation_length": 1,
			"bones": {
				"right_ear": {
					"rotation": {
						"0.0": [0, 0, 0],
						"0.25": [0, 0, -12.5],
						"0.5": [0, 0, 0],
						"0.75": [0, 0, 12.5],
						"1.0": [0, 0, 0]
					}
				},
				"left_ear": {
					"rotation": {
						"0.0": [0, 0, 0],
						"0.25": [0, 0, 12.5],
						"0.5": [0, 0, 0],
						"0.75": [0, 0, -12.5],
						"1.0": [0, 0, 0]
					}
				},
				"tail": {
					"rotation": {
						"0.0": [-12.5, 0, 0],
						"0.25": [11.91381, 17.07228, -3.90399],
						"0.5": [-12.5, 0, 0],
						"0.75": [10.5862, -17.0723, -3.904],
						"1.0": [-12.5, 0, 0]
					}
				}
			}
		},
		"animation.raccoon.walk": {
			"loop": true,
			"animation_length": 0.5,
			"bones": {
				"back_right_leg": {
					"rotation": {
						"0.0": [0, 0, 0],
						"0.125": [35, 0, 0],
						"0.25": [0, 0, 0],
						"0.375": [-35, 0, 0],
						"0.5": [0, 0, 0]
					}
				},
				"back_left_leg": {
					"rotation": {
						"0.0": [0, 0, 0],
						"0.125": [-35, 0, 0],
						"0.25": [0, 0, 0],
						"0.375": [35, 0, 0],
						"0.5": [0, 0, 0]
					}
				},
				"front_right_leg": {
					"rotation": {
						"0.0": [0, 0, 0],
						"0.125": [-35, 0, 0],
						"0.25": [0, 0, 0],
						"0.375": [35, 0, 0],
						"0.5": [0, 0, 0]
					}
				},
				"front_left_leg": {
					"rotation": {
						"0.0": [0, 0, 0],
						"0.125": [35, 0, 0],
						"0.25": [0, 0, 0],
						"0.375": [-35, 0, 0],
						"0.5": [0, 0, 0]
					}
				},
				"tail": {
					"rotation": {
						"0.0": [12.5, 0, 0],
						"0.125": [25, 0, 0],
						"0.25": [12.5, 0, 0],
						"0.375": [0, 0, 0],
						"0.5": [12.5, 0, 0]
					}
				}
			}
		}
	}
}